{
    "AWSTemplateFormatVersion": "2010-09-09",
    "Parameters": {
        "DefaultRegion": {
            "Description": "Region that your verified SES Email is in",
            "Type": "String",
            "Default": "us-east-1"
        },
        "SESVerifiedEmail": {
            "Description": "SES Verified Email with which to send updates to attendees",
            "Type": "String"
        },
        "LambdaFilesBucket": {
            "Description": "S3 Bucket that stores the Lambda Function source code",
            "Type": "String",
            "Default": "aws-game-day-sign-up"
        },
        "LambdaZipNameDatabase": {
            "Description": "Zip file for Database Lambda code",
            "Type": "String",
            "Default": "Lambdas/databaseLambda.zip"
        },
        "LambdaZipNameEmail": {
            "Description": "Zip file for Email Lambda code",
            "Type": "String",
            "Default": "Lambdas/emailLambda.zip"
        },
        "LambdaZipNameWebsite": {
            "Description": "Zip file for Website Lambda code",
            "Type": "String",
            "Default": "Lambdas/S3CopyLambda.zip"
        },
        "LambdaZipNameTeamChange": {
            "Description": "Zip file for Team Change Lambda code",
            "Type": "String",
            "Default": "Lambdas/updateLambda.zip"
        },
        "SourceBucket": {
            "Description": "Source of Website Files to copy over",
            "Type": "String",
            "Default": "aws-game-day-sign-up"
        },
        "EventRoomFilesBucket": {
            "Description": "Source of Event Room Files to copy over",
            "Type": "String",
            "Default": "aws-game-day-sign-up"
        },
        "EventRoomFileKey": {
            "Description": "CSV File with existing Breakout Rooms",
            "Type": "String",
            "Default": "EventRooms/EventRoomLinks.csv"
        },
        "MaxTeams": {
            "Description": "Maximum number of teams spun up in Event Engine",
            "Type": "String"
        },
        "MaxTeamSize": {
            "Description": "Maximum size of each team per Event Engine",
            "Type": "String",
            "Default": "4"
        },
        "MainEventRoom": {
            "Description": "URL to main event room",
            "Type": "String"
        },
        "APIGatewayEndpointType": {
            "Description": "Valid Endpoint Types Include: EDGE, REGIONAL, PRIVATE",
            "Type": "String",
            "Default": "REGIONAL"
        }
    },
    "Metadata": {
        "AWS::CloudFormation::Designer": {
            "b68004d7-7451-4406-abe9-04c09eefa08a": {
                "size": {
                    "width": 60,
                    "height": 60
                },
                "position": {
                    "x": 720,
                    "y": 30
                },
                "z": 1,
                "embeds": []
            },
            "db3cdf5a-059a-4c98-bb5c-969c9ff67ada": {
                "size": {
                    "width": 60,
                    "height": 60
                },
                "position": {
                    "x": 820,
                    "y": 30
                },
                "z": 1,
                "embeds": []
            },
            "5245b774-6fbf-49bb-a7a7-56029743f998": {
                "size": {
                    "width": 60,
                    "height": 60
                },
                "position": {
                    "x": 720,
                    "y": -110
                },
                "z": 1,
                "embeds": []
            },
            "87e562dc-c1fb-41d3-9b3a-7a17e2eaecf1": {
                "size": {
                    "width": 60,
                    "height": 60
                },
                "position": {
                    "x": 820,
                    "y": -110
                },
                "z": 1,
                "embeds": [],
                "dependson": [
                    "7416dd83-0ac8-459a-9c02-5ce036ad451f",
                    "f47ca9e2-29d6-4f60-bc8a-26f331ac0b24"
                ]
            },
            "f47ca9e2-29d6-4f60-bc8a-26f331ac0b24": {
                "size": {
                    "width": 60,
                    "height": 60
                },
                "position": {
                    "x": 930,
                    "y": -130
                },
                "z": 1,
                "embeds": []
            },
            "7416dd83-0ac8-459a-9c02-5ce036ad451f": {
                "size": {
                    "width": 60,
                    "height": 60
                },
                "position": {
                    "x": 930,
                    "y": -220
                },
                "z": 1,
                "embeds": []
            },
            "3ade7719-8008-4ec6-8075-f57130a82b6f": {
                "size": {
                    "width": 60,
                    "height": 60
                },
                "position": {
                    "x": 820,
                    "y": 150
                },
                "z": 1,
                "embeds": []
            },
            "341f1a3c-63be-48d9-a700-699514bf0908": {
                "size": {
                    "width": 60,
                    "height": 60
                },
                "position": {
                    "x": 20,
                    "y": 330
                },
                "z": 1,
                "embeds": []
            },
            "e63fa337-8dd5-4342-bf9f-093a32744ece": {
                "size": {
                    "width": 60,
                    "height": 60
                },
                "position": {
                    "x": 160,
                    "y": 210
                },
                "z": 1,
                "embeds": []
            },
            "e7254462-a40b-44a2-bae1-99a3dff4165e": {
                "size": {
                    "width": 60,
                    "height": 60
                },
                "position": {
                    "x": 160,
                    "y": 90
                },
                "z": 1,
                "embeds": []
            },
            "c3dd8462-e5d4-44fd-b566-a218860db6ec": {
                "size": {
                    "width": 60,
                    "height": 60
                },
                "position": {
                    "x": 500,
                    "y": 30
                },
                "z": 1,
                "embeds": [],
                "dependson": [
                    "b06cada6-4611-443b-aeb6-cd4ee4a6c76d"
                ]
            },
            "368dccdc-2396-4edd-ad8f-3d8d8f32f573": {
                "size": {
                    "width": 60,
                    "height": 60
                },
                "position": {
                    "x": 500,
                    "y": -100
                },
                "z": 1,
                "embeds": []
            },
            "f16c2fb4-c0af-4de4-b31b-30756618b414": {
                "size": {
                    "width": 60,
                    "height": 60
                },
                "position": {
                    "x": 20,
                    "y": 210
                },
                "z": 1,
                "embeds": [],
                "dependson": [
                    "e63fa337-8dd5-4342-bf9f-093a32744ece"
                ]
            },
            "3233e565-2b2d-49c9-8cc3-f668bbb55b15": {
                "size": {
                    "width": 60,
                    "height": 60
                },
                "position": {
                    "x": 160,
                    "y": 330
                },
                "z": 1,
                "embeds": []
            },
            "9f034d1d-ba76-499b-aa32-7f868e083868": {
                "size": {
                    "width": 750,
                    "height": 260
                },
                "position": {
                    "x": 900,
                    "y": 360
                },
                "z": 1,
                "embeds": [
                    "97a783a3-f08c-4a15-92bb-133f6b5aa17b",
                    "5c004624-10ae-4847-ac83-97047940d4b1"
                ]
            },
            "7885edd4-a3ab-4400-b929-37c917367593": {
                "size": {
                    "width": 60,
                    "height": 60
                },
                "position": {
                    "x": 1280,
                    "y": 250
                },
                "z": 1,
                "embeds": []
            },
            "5c004624-10ae-4847-ac83-97047940d4b1": {
                "size": {
                    "width": 310,
                    "height": 140
                },
                "position": {
                    "x": 930,
                    "y": 420
                },
                "z": 2,
                "parent": "9f034d1d-ba76-499b-aa32-7f868e083868",
                "embeds": [
                    "817c2e63-d6ed-4666-94f2-8ab39dc31ef8",
                    "66bf42e3-b7e7-4b0b-88c3-a9b1515cfcab"
                ]
            },
            "817c2e63-d6ed-4666-94f2-8ab39dc31ef8": {
                "size": {
                    "width": 60,
                    "height": 60
                },
                "position": {
                    "x": 1100,
                    "y": 450
                },
                "z": 3,
                "parent": "5c004624-10ae-4847-ac83-97047940d4b1",
                "embeds": [],
                "iscontainedinside": [
                    "5c004624-10ae-4847-ac83-97047940d4b1",
                    "9f034d1d-ba76-499b-aa32-7f868e083868",
                    "5c004624-10ae-4847-ac83-97047940d4b1",
                    "5c004624-10ae-4847-ac83-97047940d4b1",
                    "5c004624-10ae-4847-ac83-97047940d4b1",
                    "5c004624-10ae-4847-ac83-97047940d4b1",
                    "5c004624-10ae-4847-ac83-97047940d4b1",
                    "5c004624-10ae-4847-ac83-97047940d4b1",
                    "5c004624-10ae-4847-ac83-97047940d4b1",
                    "5c004624-10ae-4847-ac83-97047940d4b1",
                    "5c004624-10ae-4847-ac83-97047940d4b1",
                    "5c004624-10ae-4847-ac83-97047940d4b1",
                    "5c004624-10ae-4847-ac83-97047940d4b1",
                    "5c004624-10ae-4847-ac83-97047940d4b1",
                    "5c004624-10ae-4847-ac83-97047940d4b1",
                    "5c004624-10ae-4847-ac83-97047940d4b1",
                    "5c004624-10ae-4847-ac83-97047940d4b1",
                    "5c004624-10ae-4847-ac83-97047940d4b1",
                    "5c004624-10ae-4847-ac83-97047940d4b1",
                    "5c004624-10ae-4847-ac83-97047940d4b1",
                    "5c004624-10ae-4847-ac83-97047940d4b1",
                    "5c004624-10ae-4847-ac83-97047940d4b1",
                    "5c004624-10ae-4847-ac83-97047940d4b1",
                    "5c004624-10ae-4847-ac83-97047940d4b1",
                    "5c004624-10ae-4847-ac83-97047940d4b1",
                    "5c004624-10ae-4847-ac83-97047940d4b1",
                    "5c004624-10ae-4847-ac83-97047940d4b1",
                    "5c004624-10ae-4847-ac83-97047940d4b1",
                    "5c004624-10ae-4847-ac83-97047940d4b1",
                    "5c004624-10ae-4847-ac83-97047940d4b1",
                    "5c004624-10ae-4847-ac83-97047940d4b1",
                    "5c004624-10ae-4847-ac83-97047940d4b1",
                    "5c004624-10ae-4847-ac83-97047940d4b1",
                    "5c004624-10ae-4847-ac83-97047940d4b1",
                    "5c004624-10ae-4847-ac83-97047940d4b1",
                    "5c004624-10ae-4847-ac83-97047940d4b1",
                    "5c004624-10ae-4847-ac83-97047940d4b1",
                    "5c004624-10ae-4847-ac83-97047940d4b1",
                    "5c004624-10ae-4847-ac83-97047940d4b1",
                    "5c004624-10ae-4847-ac83-97047940d4b1",
                    "5c004624-10ae-4847-ac83-97047940d4b1",
                    "5c004624-10ae-4847-ac83-97047940d4b1",
                    "5c004624-10ae-4847-ac83-97047940d4b1",
                    "5c004624-10ae-4847-ac83-97047940d4b1",
                    "5c004624-10ae-4847-ac83-97047940d4b1"
                ]
            },
            "66bf42e3-b7e7-4b0b-88c3-a9b1515cfcab": {
                "size": {
                    "width": 60,
                    "height": 60
                },
                "position": {
                    "x": 980,
                    "y": 450
                },
                "z": 3,
                "parent": "5c004624-10ae-4847-ac83-97047940d4b1",
                "embeds": [],
                "iscontainedinside": [
                    "5c004624-10ae-4847-ac83-97047940d4b1",
                    "9f034d1d-ba76-499b-aa32-7f868e083868",
                    "5c004624-10ae-4847-ac83-97047940d4b1",
                    "5c004624-10ae-4847-ac83-97047940d4b1",
                    "5c004624-10ae-4847-ac83-97047940d4b1",
                    "5c004624-10ae-4847-ac83-97047940d4b1",
                    "5c004624-10ae-4847-ac83-97047940d4b1",
                    "5c004624-10ae-4847-ac83-97047940d4b1",
                    "5c004624-10ae-4847-ac83-97047940d4b1",
                    "5c004624-10ae-4847-ac83-97047940d4b1",
                    "5c004624-10ae-4847-ac83-97047940d4b1",
                    "5c004624-10ae-4847-ac83-97047940d4b1",
                    "5c004624-10ae-4847-ac83-97047940d4b1",
                    "5c004624-10ae-4847-ac83-97047940d4b1",
                    "5c004624-10ae-4847-ac83-97047940d4b1",
                    "5c004624-10ae-4847-ac83-97047940d4b1",
                    "5c004624-10ae-4847-ac83-97047940d4b1",
                    "5c004624-10ae-4847-ac83-97047940d4b1",
                    "5c004624-10ae-4847-ac83-97047940d4b1",
                    "5c004624-10ae-4847-ac83-97047940d4b1",
                    "5c004624-10ae-4847-ac83-97047940d4b1",
                    "5c004624-10ae-4847-ac83-97047940d4b1",
                    "5c004624-10ae-4847-ac83-97047940d4b1",
                    "5c004624-10ae-4847-ac83-97047940d4b1",
                    "5c004624-10ae-4847-ac83-97047940d4b1",
                    "5c004624-10ae-4847-ac83-97047940d4b1",
                    "5c004624-10ae-4847-ac83-97047940d4b1",
                    "5c004624-10ae-4847-ac83-97047940d4b1",
                    "5c004624-10ae-4847-ac83-97047940d4b1",
                    "5c004624-10ae-4847-ac83-97047940d4b1",
                    "5c004624-10ae-4847-ac83-97047940d4b1",
                    "5c004624-10ae-4847-ac83-97047940d4b1",
                    "5c004624-10ae-4847-ac83-97047940d4b1",
                    "5c004624-10ae-4847-ac83-97047940d4b1",
                    "5c004624-10ae-4847-ac83-97047940d4b1",
                    "5c004624-10ae-4847-ac83-97047940d4b1",
                    "5c004624-10ae-4847-ac83-97047940d4b1",
                    "5c004624-10ae-4847-ac83-97047940d4b1",
                    "5c004624-10ae-4847-ac83-97047940d4b1",
                    "5c004624-10ae-4847-ac83-97047940d4b1",
                    "5c004624-10ae-4847-ac83-97047940d4b1",
                    "5c004624-10ae-4847-ac83-97047940d4b1",
                    "5c004624-10ae-4847-ac83-97047940d4b1",
                    "5c004624-10ae-4847-ac83-97047940d4b1",
                    "5c004624-10ae-4847-ac83-97047940d4b1"
                ]
            },
            "b06cada6-4611-443b-aeb6-cd4ee4a6c76d": {
                "size": {
                    "width": 60,
                    "height": 60
                },
                "position": {
                    "x": 1440,
                    "y": 260
                },
                "z": 1,
                "embeds": [],
                "dependson": [
                    "66bf42e3-b7e7-4b0b-88c3-a9b1515cfcab",
                    "817c2e63-d6ed-4666-94f2-8ab39dc31ef8",
                    "74feb7d3-4aa6-48a5-9e4e-4fe521943390",
                    "5ebce1d0-82d3-4b1c-abf9-5f7ffbad7e85"
                ]
            },
            "0d3cdf13-5818-4b29-953e-b07ea097c7ae": {
                "size": {
                    "width": 60,
                    "height": 60
                },
                "position": {
                    "x": 720,
                    "y": 150
                },
                "z": 1,
                "embeds": [],
                "isassociatedwith": [
                    "b68004d7-7451-4406-abe9-04c09eefa08a"
                ]
            },
            "7f23fc05-a34c-4dd5-a0c6-54287d4975ef": {
                "size": {
                    "width": 60,
                    "height": 60
                },
                "position": {
                    "x": 630,
                    "y": 30
                },
                "z": 1,
                "embeds": []
            },
            "79a4db2a-698d-45a3-bfce-9c4618012ead": {
                "size": {
                    "width": 60,
                    "height": 60
                },
                "position": {
                    "x": 630,
                    "y": -110
                },
                "z": 1,
                "embeds": []
            },
            "5ebce1d0-82d3-4b1c-abf9-5f7ffbad7e85": {
                "size": {
                    "width": 60,
                    "height": 60
                },
                "position": {
                    "x": 1440,
                    "y": 460
                },
                "z": 3,
                "parent": "97a783a3-f08c-4a15-92bb-133f6b5aa17b",
                "embeds": [],
                "iscontainedinside": [
                    "9f034d1d-ba76-499b-aa32-7f868e083868",
                    "97a783a3-f08c-4a15-92bb-133f6b5aa17b",
                    "97a783a3-f08c-4a15-92bb-133f6b5aa17b",
                    "97a783a3-f08c-4a15-92bb-133f6b5aa17b",
                    "97a783a3-f08c-4a15-92bb-133f6b5aa17b",
                    "97a783a3-f08c-4a15-92bb-133f6b5aa17b",
                    "97a783a3-f08c-4a15-92bb-133f6b5aa17b",
                    "97a783a3-f08c-4a15-92bb-133f6b5aa17b",
                    "97a783a3-f08c-4a15-92bb-133f6b5aa17b",
                    "97a783a3-f08c-4a15-92bb-133f6b5aa17b",
                    "97a783a3-f08c-4a15-92bb-133f6b5aa17b",
                    "97a783a3-f08c-4a15-92bb-133f6b5aa17b",
                    "97a783a3-f08c-4a15-92bb-133f6b5aa17b",
                    "97a783a3-f08c-4a15-92bb-133f6b5aa17b"
                ]
            },
            "97a783a3-f08c-4a15-92bb-133f6b5aa17b": {
                "size": {
                    "width": 280,
                    "height": 140
                },
                "position": {
                    "x": 1300,
                    "y": 420
                },
                "z": 2,
                "parent": "9f034d1d-ba76-499b-aa32-7f868e083868",
                "embeds": [
                    "5ebce1d0-82d3-4b1c-abf9-5f7ffbad7e85",
                    "74feb7d3-4aa6-48a5-9e4e-4fe521943390"
                ]
            },
            "74feb7d3-4aa6-48a5-9e4e-4fe521943390": {
                "size": {
                    "width": 60,
                    "height": 60
                },
                "position": {
                    "x": 1350,
                    "y": 460
                },
                "z": 3,
                "parent": "97a783a3-f08c-4a15-92bb-133f6b5aa17b",
                "embeds": [],
                "iscontainedinside": [
                    "9f034d1d-ba76-499b-aa32-7f868e083868",
                    "97a783a3-f08c-4a15-92bb-133f6b5aa17b",
                    "97a783a3-f08c-4a15-92bb-133f6b5aa17b",
                    "97a783a3-f08c-4a15-92bb-133f6b5aa17b",
                    "97a783a3-f08c-4a15-92bb-133f6b5aa17b",
                    "97a783a3-f08c-4a15-92bb-133f6b5aa17b",
                    "97a783a3-f08c-4a15-92bb-133f6b5aa17b",
                    "97a783a3-f08c-4a15-92bb-133f6b5aa17b",
                    "97a783a3-f08c-4a15-92bb-133f6b5aa17b",
                    "97a783a3-f08c-4a15-92bb-133f6b5aa17b",
                    "97a783a3-f08c-4a15-92bb-133f6b5aa17b",
                    "97a783a3-f08c-4a15-92bb-133f6b5aa17b",
                    "97a783a3-f08c-4a15-92bb-133f6b5aa17b",
                    "97a783a3-f08c-4a15-92bb-133f6b5aa17b"
                ]
            },
            "0df3d0db-d9b8-4be3-9b6f-a41f8a726b04": {
                "size": {
                    "width": 60,
                    "height": 60
                },
                "position": {
                    "x": 630,
                    "y": 150
                },
                "z": 1,
                "embeds": [],
                "isassociatedwith": [
                    "7f23fc05-a34c-4dd5-a0c6-54287d4975ef"
                ]
            }
        }
    },
    "Resources": {
        "LambdaSendEmail": {
            "Type": "AWS::Lambda::Function",
            "Properties": {
                "Description": "Lambda Function to update Team Metadata in the DDB table",
                "Runtime": "python3.9",
                "Role": {
                    "Fn::GetAtt": [
                        "SendEmailRole",
                        "Arn"
                    ]
                },
                "Handler": "lambda_function.lambda_handler",
                "Code": {
                    "S3Bucket": {
                        "Ref": "LambdaFilesBucket"
                    },
                    "S3Key": {
                        "Ref": "LambdaZipNameEmail"
                    }
                },
                "Timeout": 120,
                "Environment": {
                    "Variables": {
                        "MAIN_CONFERENCE_ROOM": {
                            "Ref": "MainEventRoom"
                        },
                        "REGION": {
                            "Ref": "DefaultRegion"
                        },
                        "SENDER": {
                            "Ref": "SESVerifiedEmail"
                        },
                        "EVENT_ROOM_BUCKET": {
                            "Ref": "EventRoomFilesBucket"
                        },
                        "EVENT_ROOM_KEY": {
                            "Ref": "EventRoomFileKey"
                        }
                    }
                }
            },
            "Metadata": {
                "AWS::CloudFormation::Designer": {
                    "id": "db3cdf5a-059a-4c98-bb5c-969c9ff67ada"
                }
            },
            "DependsOn": [
                "SendEmailRole"
            ]
        },
        "UpdateParticipantRole": {
            "Type": "AWS::IAM::Role",
            "Properties": {
                "AssumeRolePolicyDocument": {
                    "Version": "2012-10-17",
                    "Statement": [
                        {
                            "Effect": "Allow",
                            "Principal": {
                                "Service": "lambda.amazonaws.com"
                            },
                            "Action": "sts:AssumeRole"
                        }
                    ]
                },
                "Path": "/service-role/",
                "Policies": [
                    {
                        "PolicyName": "DynamoDBReadWrite",
                        "PolicyDocument": {
                            "Version": "2012-10-17",
                            "Statement": [
                                {
                                    "Sid": "VisualEditor0",
                                    "Effect": "Allow",
                                    "Action": [
                                        "dynamodb:BatchGetItem",
                                        "dynamodb:BatchWriteItem",
                                        "dynamodb:PutItem",
                                        "dynamodb:DeleteItem",
                                        "dynamodb:GetItem",
                                        "dynamodb:Scan",
                                        "dynamodb:Query",
                                        "dynamodb:UpdateItem",
                                        "dynamodb:UpdateTable"
                                    ],
                                    "Resource": [
                                        {
                                            "Fn::GetAtt": [
                                                "GameDayParticipants",
                                                "Arn"
                                            ]
                                        },
                                        {
                                            "Fn::GetAtt": [
                                                "GameDayTeams",
                                                "Arn"
                                            ]
                                        }
                                    ]
                                },
                                {
                                    "Effect": "Allow",
                                    "Action": [
                                        "s3:GetObject"
                                    ],
                                    "Resource": {
                                        "Fn::Join": [
                                            "",
                                            [
                                                "arn:aws:s3:::",
                                                {
                                                    "Ref": "EventRoomFilesBucket"
                                                },
                                                "/EventRooms/*"
                                            ]
                                        ]
                                    }
                                },
                                {
                                    "Effect": "Allow",
                                    "Action": [
                                        "s3:ListBucket"
                                    ],
                                    "Resource": {
                                        "Fn::Join": [
                                            "",
                                            [
                                                "arn:aws:s3:::",
                                                {
                                                    "Ref": "EventRoomFilesBucket"
                                                }
                                            ]
                                        ]
                                    }
                                },
                                {
                                    "Effect": "Allow",
                                    "Action": [
                                        "logs:CreateLogGroup",
                                        "logs:CreateLogStream",
                                        "logs:PutLogEvents"
                                    ],
                                    "Resource": "arn:aws:logs:*:*:*"
                                }
                            ]
                        }
                    }
                ]
            },
            "Metadata": {
                "AWS::CloudFormation::Designer": {
                    "id": "5245b774-6fbf-49bb-a7a7-56029743f998"
                }
            },
            "DependsOn": [
                "GameDayTeams",
                "GameDayParticipants"
            ]
        },
        "SendEmailRole": {
            "Type": "AWS::IAM::Role",
            "Properties": {
                "AssumeRolePolicyDocument": {
                    "Version": "2012-10-17",
                    "Statement": [
                        {
                            "Effect": "Allow",
                            "Principal": {
                                "Service": "lambda.amazonaws.com"
                            },
                            "Action": "sts:AssumeRole"
                        }
                    ]
                },
                "Path": "/service-role/",
                "Policies": [
                    {
                        "PolicyName": "SendSESEmailandDDBInvoke",
                        "PolicyDocument": {
                            "Version": "2012-10-17",
                            "Statement": [
                                {
                                    "Effect": "Allow",
                                    "Action": [
                                        "ses:SendEmail",
                                        "ses:SendTemplatedEmail",
                                        "ses:SendRawEmail"
                                    ],
                                    "Resource": "*"
                                },
                                {
                                    "Effect": "Allow",
                                    "Action": [
                                        "logs:CreateLogGroup",
                                        "logs:CreateLogStream",
                                        "logs:PutLogEvents"
                                    ],
                                    "Resource": "arn:aws:logs:*:*:*"
                                },
                                {
                                    "Effect": "Allow",
                                    "Action": [
                                        "lambda:InvokeFunction"
                                    ],
                                    "Resource": "*"
                                },
                                {
                                    "Effect": "Allow",
                                    "Action": [
                                        "dynamodb:DescribeStream",
                                        "dynamodb:GetRecords",
                                        "dynamodb:GetShardIterator",
                                        "dynamodb:ListStreams"
                                    ],
                                    "Resource": "*"
                                },
                                {
                                    "Effect": "Allow",
                                    "Action": [
                                        "s3:GetObject"
                                    ],
                                    "Resource": {
                                        "Fn::Join": [
                                            "",
                                            [
                                                "arn:aws:s3:::",
                                                {
                                                    "Ref": "EventRoomFilesBucket"
                                                },
                                                "/EventRooms/*"
                                            ]
                                        ]
                                    }
                                },
                                {
                                    "Effect": "Allow",
                                    "Action": [
                                        "s3:ListBucket"
                                    ],
                                    "Resource": {
                                        "Fn::Join": [
                                            "",
                                            [
                                                "arn:aws:s3:::",
                                                {
                                                    "Ref": "EventRoomFilesBucket"
                                                }
                                            ]
                                        ]
                                    }
                                }
                            ]
                        }
                    }
                ]
            },
            "Metadata": {
                "AWS::CloudFormation::Designer": {
                    "id": "87e562dc-c1fb-41d3-9b3a-7a17e2eaecf1"
                }
            },
            "DependsOn": [
                "GameDayParticipants",
                "GameDayTeams"
            ]
        },
        "GameDayParticipants": {
            "Type": "AWS::DynamoDB::Table",
            "Properties": {
                "AttributeDefinitions": [
                    {
                        "AttributeName": "AttendeeID",
                        "AttributeType": "N"
                    },
                    {
                        "AttributeName": "Team",
                        "AttributeType": "N"
                    }
                ],
                "KeySchema": [
                    {
                        "AttributeName": "AttendeeID",
                        "KeyType": "HASH"
                    },
                    {
                        "AttributeName": "Team",
                        "KeyType": "RANGE"
                    }
                ],
                "ProvisionedThroughput": {
                    "ReadCapacityUnits": "5",
                    "WriteCapacityUnits": "5"
                },
                "StreamSpecification": {
                    "StreamViewType": "NEW_IMAGE"
                }
            },
            "Metadata": {
                "AWS::CloudFormation::Designer": {
                    "id": "f47ca9e2-29d6-4f60-bc8a-26f331ac0b24"
                }
            }
        },
        "GameDayTeams": {
            "Type": "AWS::DynamoDB::Table",
            "Properties": {
                "AttributeDefinitions": [
                    {
                        "AttributeName": "Team",
                        "AttributeType": "N"
                    }
                ],
                "KeySchema": [
                    {
                        "AttributeName": "Team",
                        "KeyType": "HASH"
                    }
                ],
                "ProvisionedThroughput": {
                    "ReadCapacityUnits": "5",
                    "WriteCapacityUnits": "5"
                }
            },
            "Metadata": {
                "AWS::CloudFormation::Designer": {
                    "id": "7416dd83-0ac8-459a-9c02-5ce036ad451f"
                }
            }
        },
        "LambdaUpdateParticipant": {
            "Type": "AWS::Lambda::Function",
            "Metadata": {
                "AWS::CloudFormation::Designer": {
                    "id": "b68004d7-7451-4406-abe9-04c09eefa08a"
                }
            },
            "Properties": {
                "Description": "Lambda Function to update participants in the DDB table",
                "Runtime": "python3.9",
                "Role": {
                    "Fn::GetAtt": [
                        "UpdateParticipantRole",
                        "Arn"
                    ]
                },
                "Handler": "lambda_function.lambda_handler",
                "Code": {
                    "S3Bucket": {
                        "Ref": "LambdaFilesBucket"
                    },
                    "S3Key": {
                        "Ref": "LambdaZipNameDatabase"
                    }
                },
                "Timeout": 120,
                "Environment": {
                    "Variables": {
                        "MAX_NUM_TEAMS": {
                            "Ref": "MaxTeams"
                        },
                        "REGION": {
                            "Ref": "DefaultRegion"
                        },
                        "REGISTRATION_TABLE": {
                            "Ref": "GameDayParticipants"
                        },
                        "TEAM_SIZE": {
                            "Ref": "MaxTeamSize"
                        },
                        "TEAM_TABLE": {
                            "Ref": "GameDayTeams"
                        },
                        "EVENT_ROOM_BUCKET": {
                            "Ref": "EventRoomFilesBucket"
                        },
                        "EVENT_ROOM_KEY": {
                            "Ref": "EventRoomFileKey"
                        }
                    }
                }
            },
            "DependsOn": [
                "UpdateParticipantRole"
            ]
        },
        "LambdaTrigger": {
            "Type": "AWS::Lambda::EventSourceMapping",
            "Properties": {
                "EventSourceArn": {
                    "Fn::GetAtt": [
                        "GameDayParticipants",
                        "StreamArn"
                    ]
                },
                "FunctionName": {
                    "Ref": "LambdaSendEmail"
                },
                "StartingPosition": "LATEST"
            },
            "Metadata": {
                "AWS::CloudFormation::Designer": {
                    "id": "3ade7719-8008-4ec6-8075-f57130a82b6f"
                }
            },
            "DependsOn": [
                "LambdaSendEmail"
            ]
        },
        "GameDayWebsiteBucket": {
            "Type": "AWS::S3::Bucket",
            "Properties": {
                "WebsiteConfiguration": {
                    "ErrorDocument": "invalid.html",
                    "IndexDocument": "registrationForm.html"
                },
                "PublicAccessBlockConfiguration": {
                    "BlockPublicAcls": true,
                    "BlockPublicPolicy": true,
                    "IgnorePublicAcls": true,
                    "RestrictPublicBuckets": true
                }
            },
            "Metadata": {
                "AWS::CloudFormation::Designer": {
                    "id": "e63fa337-8dd5-4342-bf9f-093a32744ece"
                }
            }
        },
        "GameDayWebsiteBucketPolicy": {
            "Type": "AWS::S3::BucketPolicy",
            "Properties": {
                "Bucket": {
                    "Ref": "GameDayWebsiteBucket"
                },
                "PolicyDocument": {
                    "Statement": [
                        {
                            "Action": [
                                "s3:GetObject"
                            ],
                            "Effect": "Allow",
                            "Principal": {
                                "AWS": {
                                    "Fn::Join": [
                                        "",
                                        [
                                            "arn:aws:iam::cloudfront:user/CloudFront Origin Access Identity ",
                                            {
                                                "Ref": "GameDayCloudFrontIdentity"
                                            }
                                        ]
                                    ]
                                }
                            },
                            "Resource": {
                                "Fn::Join": [
                                    "",
                                    [
                                        "arn:aws:s3:::",
                                        {
                                            "Ref": "GameDayWebsiteBucket"
                                        },
                                        "/*"
                                    ]
                                ]
                            }
                        }
                    ],
                    "Version": "2012-10-17"
                }
            },
            "Metadata": {
                "AWS::CloudFormation::Designer": {
                    "id": "f16c2fb4-c0af-4de4-b31b-30756618b414"
                }
            },
            "DependsOn": [
                "GameDayWebsiteBucket",
                "GameDayCloudFrontIdentity"
            ]
        },
        "LambdaS3WebsiteFunction": {
            "Type": "AWS::Lambda::Function",
            "Properties": {
                "Description": "Copy website files to custom S3 Bucket",
                "FunctionName": {
                  "Fn::Join": [
                      "",
                      [
                          "LambdaS3Website-",
                          {
                              "Ref": "AWS::StackName"
                          }
                      ]
                  ]
                },
                "Handler": "lambda_function.lambda_handler",
                "Role": {
                    "Fn::GetAtt": [
                        "AWSLambdaS3ExecutionRole",
                        "Arn"
                    ]
                },
                "Timeout": 360,
                "Runtime": "python3.9",
                "Code": {
                    "S3Bucket": {
                        "Ref": "LambdaFilesBucket"
                    },
                    "S3Key": {
                        "Ref": "LambdaZipNameWebsite"
                    }
                },
                "Environment": {
                    "Variables": {
                        "DESTINATION_BUCKET": {
                            "Ref": "GameDayWebsiteBucket"
                        },
                        "SOURCE_BUCKET": {
                            "Ref": "SourceBucket"
                        },
                        "API_GATEWAY_FIRST": {
                            "Fn::Join": [
                                "",
                                [
                                    "https://",
                                    {
                                        "Ref": "GameDayAPIGateway"
                                    },
                                    ".execute-api.",
                                    {
                                        "Ref": "DefaultRegion"
                                    },
                                    ".amazonaws.com/V1/register"
                                ]
                            ]
                        },
                        "API_GATEWAY_SECOND": {
                            "Fn::Join": [
                                "",
                                [
                                    "https://",
                                    {
                                        "Ref": "GameDayAPIGateway"
                                    },
                                    ".execute-api.",
                                    {
                                        "Ref": "DefaultRegion"
                                    },
                                    ".amazonaws.com/V1/update"
                                ]
                            ]
                        }
                    }
                }
            },
            "Metadata": {
                "AWS::CloudFormation::Designer": {
                    "id": "c3dd8462-e5d4-44fd-b566-a218860db6ec"
                }
            },
            "DependsOn": [
                "apiGatewayDeployment"
            ]
        },
        "Lambdainvoke": {
            "Type": "AWS::CloudFormation::CustomResource",
            "Version": "1.0",
            "Properties": {
                "ServiceToken": {
                    "Fn::GetAtt": [
                        "LambdaS3WebsiteFunction",
                        "Arn"
                    ]
                },
                "FunctionName": "LambdaS3WebsiteFunction"
            },
            "Metadata": {
                "AWS::CloudFormation::Designer": {
                    "id": "368dccdc-2396-4edd-ad8f-3d8d8f32f573"
                }
            },
            "DependsOn": [
                "LambdaS3WebsiteFunction"
            ]
        },
        "AWSLambdaS3ExecutionRole": {
            "Type": "AWS::IAM::Role",
            "Properties": {
                "AssumeRolePolicyDocument": {
                    "Version": "2012-10-17",
                    "Statement": [
                        {
                            "Effect": "Allow",
                            "Principal": {
                                "Service": "lambda.amazonaws.com"
                            },
                            "Action": "sts:AssumeRole"
                        }
                    ]
                },
                "Path": "/service-role/",
                "Policies": [
                    {
                        "PolicyName": "S3ReadWrite",
                        "PolicyDocument": {
                            "Version": "2012-10-17",
                            "Statement": [
                                {
                                    "Effect": "Allow",
                                    "Action": [
                                        "s3:PutObject",
                                        "s3:GetObjectAcl",
                                        "s3:GetObject",
                                        "s3:DeleteObject",
                                        "s3:ListBucket",
                                        "s3:GetBucketAcl"
                                    ],
                                    "Resource": [
                                        {
                                            "Fn::Join": [
                                                "",
                                                [
                                                    "arn:aws:s3:::",
                                                    {
                                                        "Ref": "GameDayWebsiteBucket"
                                                    }
                                                ]
                                            ]
                                        },
                                        {
                                            "Fn::Join": [
                                                "",
                                                [
                                                    "arn:aws:s3:::",
                                                    {
                                                        "Ref": "SourceBucket"
                                                    }
                                                ]
                                            ]
                                        },
                                        "arn:aws:s3:::*/*"
                                    ]
                                },
                                {
                                    "Effect": "Allow",
                                    "Action": "logs:CreateLogGroup",
                                    "Resource": {
                                        "Fn::Join": [
                                            "",
                                            [
                                                "arn:aws:logs:",
                                                {
                                                    "Ref": "DefaultRegion"
                                                },
                                                ":",
                                                {
                                                    "Ref": "AWS::AccountId"
                                                },
                                                ":*"
                                            ]
                                        ]
                                    }
                                },
                                {
                                    "Effect": "Allow",
                                    "Action": [
                                        "logs:CreateLogStream",
                                        "logs:PutLogEvents"
                                    ],
                                    "Resource": {
                                        "Fn::Join": [
                                            "",
                                            [
                                                "arn:aws:logs:",
                                                {
                                                    "Ref": "DefaultRegion"
                                                },
                                                ":",
                                                {
                                                    "Ref": "AWS::AccountId"
                                                },
                                                ":log-group:/aws/lambda/LambdaS3Website:*"
                                            ]
                                        ]
                                    }
                                }
                            ]
                        }
                    }
                ]
            },
            "Metadata": {
                "AWS::CloudFormation::Designer": {
                    "id": "e7254462-a40b-44a2-bae1-99a3dff4165e"
                }
            },
            "DependsOn": [
                "GameDayWebsiteBucket"
            ]
        },
        "GameDayCloudFrontIdentity": {
            "Type": "AWS::CloudFront::CloudFrontOriginAccessIdentity",
            "Properties": {
                "CloudFrontOriginAccessIdentityConfig": {
                    "Comment": "Origin Access Identity for the Game Day Website App"
                }
            },
            "Metadata": {
                "AWS::CloudFormation::Designer": {
                    "id": "341f1a3c-63be-48d9-a700-699514bf0908"
                }
            }
        },
        "CloudFrontDistribution": {
            "Type": "AWS::CloudFront::Distribution",
            "Properties": {
                "DistributionConfig": {
                    "DefaultCacheBehavior": {
                        "CachePolicyId": "658327ea-f89d-4fab-a63d-7e88639e58f6",
                        "Compress": true,
                        "DefaultTTL": 86400,
                        "MaxTTL": 31536000,
                        "TargetOriginId": {
                            "Fn::Sub": "GameDayWebsite-${AWS::StackName}-root"
                        },
                        "ViewerProtocolPolicy": "redirect-to-https"
                    },
                    "Enabled": true,
                    "HttpVersion": "http2",
                    "DefaultRootObject": "registrationForm.html",
                    "IPV6Enabled": true,
                    "Origins": [
                        {
                            "DomainName": {
                                "Fn::Join": [
                                    "",
                                    [
                                        {
                                            "Ref": "GameDayWebsiteBucket"
                                        },
                                        ".s3.",
                                        {
                                            "Ref": "DefaultRegion"
                                        },
                                        ".amazonaws.com"
                                    ]
                                ]
                            },
                            "Id": {
                                "Fn::Sub": "GameDayWebsite-${AWS::StackName}-root"
                            },
                            "S3OriginConfig": {
                                "OriginAccessIdentity": {
                                    "Fn::Join": [
                                        "",
                                        [
                                            "origin-access-identity/cloudfront/",
                                            {
                                                "Ref": "GameDayCloudFrontIdentity"
                                            }
                                        ]
                                    ]
                                }
                            }
                        }
                    ],
                    "PriceClass": "PriceClass_All"
                }
            },
            "Metadata": {
                "AWS::CloudFormation::Designer": {
                    "id": "3233e565-2b2d-49c9-8cc3-f668bbb55b15"
                }
            }
        },
        "GameDayAPIGateway": {
            "Type": "AWS::ApiGateway::RestApi",
            "Properties": {
                "Description": "Game Day API Gateway",
                "EndpointConfiguration": {
                    "Types": [
                        {
                            "Ref": "APIGatewayEndpointType"
                        }
                    ]
                },
                "Name": "Game Day Registration Form"
            },
            "Metadata": {
                "AWS::CloudFormation::Designer": {
                    "id": "9f034d1d-ba76-499b-aa32-7f868e083868"
                }
            }
        },
        "apiGatewayRegisterResource": {
            "Type": "AWS::ApiGateway::Resource",
            "Properties": {
                "ParentId": {
                    "Fn::GetAtt": [
                        "GameDayAPIGateway",
                        "RootResourceId"
                    ]
                },
                "PathPart": "register",
                "RestApiId": {
                    "Ref": "GameDayAPIGateway"
                }
            },
            "Metadata": {
                "AWS::CloudFormation::Designer": {
                    "id": "5c004624-10ae-4847-ac83-97047940d4b1"
                }
            }
        },
        "apiGatewayRegisterOptionsMethod": {
            "Type": "AWS::ApiGateway::Method",
            "Properties": {
                "AuthorizationType": "NONE",
                "HttpMethod": "OPTIONS",
                "Integration": {
                    "RequestTemplates": {
                        "application/json": "{'statusCode': 200}"
                    },
                    "IntegrationResponses": [
                        {
                            "ResponseParameters": {
                                "method.response.header.Access-Control-Allow-Headers": "'Content-Type,X-Amz-Date,Authorization,X-Api-Key,X-Amz-Security-Token'",
                                "method.response.header.Access-Control-Allow-Methods": "'POST,OPTIONS'",
                                "method.response.header.Access-Control-Allow-Origin": "'*'"
                            },
                            "StatusCode": "200"
                        }
                    ],
                    "Type": "MOCK"
                },
                "MethodResponses": [
                    {
                        "ResponseModels": {
                            "application/json": {
                                "Ref": "apiGatewayModel"
                            }
                        },
                        "ResponseParameters": {
                            "method.response.header.Access-Control-Allow-Headers": false,
                            "method.response.header.Access-Control-Allow-Methods": false,
                            "method.response.header.Access-Control-Allow-Origin": false
                        },
                        "StatusCode": "200"
                    }
                ],
                "ResourceId": {
                    "Ref": "apiGatewayRegisterResource"
                },
                "RestApiId": {
                    "Ref": "GameDayAPIGateway"
                }
            },
            "Metadata": {
                "AWS::CloudFormation::Designer": {
                    "id": "817c2e63-d6ed-4666-94f2-8ab39dc31ef8"
                }
            }
        },
        "apiGatewayRegisterPostMethod": {
            "Type": "AWS::ApiGateway::Method",
            "Properties": {
                "AuthorizationType": "NONE",
                "HttpMethod": "POST",
                "Integration": {
                    "PassthroughBehavior": "WHEN_NO_TEMPLATES",
                    "IntegrationHttpMethod": "POST",
                    "IntegrationResponses": [
                        {
                            "ResponseParameters": {
                                "method.response.header.Access-Control-Allow-Origin": "'*'"
                            },
                            "StatusCode": "200"
                        }
                    ],
                    "Type": "AWS",
                    "Uri": {
                        "Fn::Join": [
                            "",
                            [
                                "arn:aws:apigateway:",
                                {
                                    "Ref": "DefaultRegion"
                                },
                                ":lambda:path/2015-03-31/functions/",
                                {
                                    "Fn::GetAtt": [
                                        "LambdaUpdateParticipant",
                                        "Arn"
                                    ]
                                },
                                "/invocations"
                            ]
                        ]
                    }
                },
                "MethodResponses": [
                    {
                        "ResponseModels": {
                            "application/json": {
                                "Ref": "apiGatewayModel"
                            }
                        },
                        "ResponseParameters": {
                            "method.response.header.Access-Control-Allow-Origin": false
                        },
                        "StatusCode": "200"
                    }
                ],
                "ResourceId": {
                    "Ref": "apiGatewayRegisterResource"
                },
                "RestApiId": {
                    "Ref": "GameDayAPIGateway"
                }
            },
            "Metadata": {
                "AWS::CloudFormation::Designer": {
                    "id": "66bf42e3-b7e7-4b0b-88c3-a9b1515cfcab"
                }
            }
        },
        "apiGatewayUpdateResource": {
            "Type": "AWS::ApiGateway::Resource",
            "Properties": {
                "ParentId": {
                    "Fn::GetAtt": [
                        "GameDayAPIGateway",
                        "RootResourceId"
                    ]
                },
                "PathPart": "update",
                "RestApiId": {
                    "Ref": "GameDayAPIGateway"
                }
            },
            "Metadata": {
                "AWS::CloudFormation::Designer": {
                    "id": "97a783a3-f08c-4a15-92bb-133f6b5aa17b"
                }
            }
        },
        "apiGatewayUpdateOptionsMethod": {
            "Type": "AWS::ApiGateway::Method",
            "Properties": {
                "AuthorizationType": "NONE",
                "HttpMethod": "OPTIONS",
                "Integration": {
                    "RequestTemplates": {
                        "application/json": "{'statusCode': 200}"
                    },
                    "IntegrationResponses": [
                        {
                            "ResponseParameters": {
                                "method.response.header.Access-Control-Allow-Headers": "'Content-Type,X-Amz-Date,Authorization,X-Api-Key,X-Amz-Security-Token'",
                                "method.response.header.Access-Control-Allow-Methods": "'POST,OPTIONS'",
                                "method.response.header.Access-Control-Allow-Origin": "'*'"
                            },
                            "StatusCode": "200"
                        }
                    ],
                    "Type": "MOCK"
                },
                "MethodResponses": [
                    {
                        "ResponseModels": {
                            "application/json": {
                                "Ref": "apiGatewayModel"
                            }
                        },
                        "ResponseParameters": {
                            "method.response.header.Access-Control-Allow-Headers": false,
                            "method.response.header.Access-Control-Allow-Methods": false,
                            "method.response.header.Access-Control-Allow-Origin": false
                        },
                        "StatusCode": "200"
                    }
                ],
                "ResourceId": {
                    "Ref": "apiGatewayUpdateResource"
                },
                "RestApiId": {
                    "Ref": "GameDayAPIGateway"
                }
            },
            "Metadata": {
                "AWS::CloudFormation::Designer": {
                    "id": "5ebce1d0-82d3-4b1c-abf9-5f7ffbad7e85"
                }
            }
        },
        "apiGatewayUpdatePostMethod": {
            "Type": "AWS::ApiGateway::Method",
            "Properties": {
                "AuthorizationType": "NONE",
                "HttpMethod": "POST",
                "Integration": {
                    "PassthroughBehavior": "WHEN_NO_TEMPLATES",
                    "IntegrationHttpMethod": "POST",
                    "IntegrationResponses": [
                        {
                            "ResponseParameters": {
                                "method.response.header.Access-Control-Allow-Origin": "'*'"
                            },
                            "StatusCode": "200"
                        }
                    ],
                    "Type": "AWS",
                    "Uri": {
                        "Fn::Join": [
                            "",
                            [
                                "arn:aws:apigateway:",
                                {
                                    "Ref": "DefaultRegion"
                                },
                                ":lambda:path/2015-03-31/functions/",
                                {
                                    "Fn::GetAtt": [
                                        "LambdaChangeTeam",
                                        "Arn"
                                    ]
                                },
                                "/invocations"
                            ]
                        ]
                    }
                },
                "MethodResponses": [
                    {
                        "ResponseModels": {
                            "application/json": {
                                "Ref": "apiGatewayModel"
                            }
                        },
                        "ResponseParameters": {
                            "method.response.header.Access-Control-Allow-Origin": false
                        },
                        "StatusCode": "200"
                    }
                ],
                "ResourceId": {
                    "Ref": "apiGatewayUpdateResource"
                },
                "RestApiId": {
                    "Ref": "GameDayAPIGateway"
                }
            },
            "Metadata": {
                "AWS::CloudFormation::Designer": {
                    "id": "74feb7d3-4aa6-48a5-9e4e-4fe521943390"
                }
            }
        },
        "apiGatewayModel": {
            "Type": "AWS::ApiGateway::Model",
            "Properties": {
                "ContentType": "application/json",
                "Name": "GameDayModel",
                "RestApiId": {
                    "Ref": "GameDayAPIGateway"
                },
                "Schema": {}
            },
            "Metadata": {
                "AWS::CloudFormation::Designer": {
                    "id": "7885edd4-a3ab-4400-b929-37c917367593"
                }
            }
        },
        "apiGatewayDeployment": {
            "Type": "AWS::ApiGateway::Deployment",
            "Properties": {
                "RestApiId": {
                    "Ref": "GameDayAPIGateway"
                },
                "StageName": "V1"
            },
            "Metadata": {
                "AWS::CloudFormation::Designer": {
                    "id": "b06cada6-4611-443b-aeb6-cd4ee4a6c76d"
                }
            },
            "DependsOn": [
                "apiGatewayRegisterPostMethod",
                "apiGatewayRegisterOptionsMethod",
                "apiGatewayUpdatePostMethod",
                "apiGatewayUpdateOptionsMethod"
            ]
        },
        "LambdaTriggerAPIGatewayRegister": {
            "Type": "AWS::Lambda::Permission",
            "Properties": {
                "Action": "lambda:InvokeFunction",
                "Principal": "apigateway.amazonaws.com",
                "FunctionName": {
                    "Fn::GetAtt": [
                        "LambdaUpdateParticipant",
                        "Arn"
                    ]
                },
                "SourceArn": {
                    "Fn::Join": [
                        "",
                        [
                            "arn:aws:execute-api:",
                            {
                                "Ref": "DefaultRegion"
                            },
                            ":",
                            {
                                "Ref": "AWS::AccountId"
                            },
                            ":",
                            {
                                "Ref": "GameDayAPIGateway"
                            },
                            "/*/POST/register"
                        ]
                    ]
                }
            },
            "Metadata": {
                "AWS::CloudFormation::Designer": {
                    "id": "0d3cdf13-5818-4b29-953e-b07ea097c7ae"
                }
            }
        },
        "LambdaTriggerAPIGatewayUpdate": {
            "Type": "AWS::Lambda::Permission",
            "Properties": {
                "Action": "lambda:InvokeFunction",
                "Principal": "apigateway.amazonaws.com",
                "FunctionName": {
                    "Fn::GetAtt": [
                        "LambdaChangeTeam",
                        "Arn"
                    ]
                },
                "SourceArn": {
                    "Fn::Join": [
                        "",
                        [
                            "arn:aws:execute-api:",
                            {
                                "Ref": "DefaultRegion"
                            },
                            ":",
                            {
                                "Ref": "AWS::AccountId"
                            },
                            ":",
                            {
                                "Ref": "GameDayAPIGateway"
                            },
                            "/*/POST/update"
                        ]
                    ]
                }
            },
            "Metadata": {
                "AWS::CloudFormation::Designer": {
                    "id": "0df3d0db-d9b8-4be3-9b6f-a41f8a726b04"
                }
            }
        },
        "LambdaChangeTeam": {
            "Type": "AWS::Lambda::Function",
            "Properties": {
                "Description": "Lambda Function to update participants in the DDB table",
                "Runtime": "python3.9",
                "Role": {
                    "Fn::GetAtt": [
                        "TeamChangeRole",
                        "Arn"
                    ]
                },
                "Handler": "lambda_function.lambda_handler",
                "Code": {
                    "S3Bucket": {
                        "Ref": "LambdaFilesBucket"
                    },
                    "S3Key": {
                        "Ref": "LambdaZipNameTeamChange"
                    }
                },
                "Timeout": 120,
                "Environment": {
                    "Variables": {
                        "MAX_NUM_TEAMS": {
                            "Ref": "MaxTeams"
                        },
                        "REGION": {
                            "Ref": "DefaultRegion"
                        },
                        "REGISTRATION_TABLE": {
                            "Ref": "GameDayParticipants"
                        },
                        "TEAM_TABLE": {
                            "Ref": "GameDayTeams"
                        },
                        "EVENT_ROOM_BUCKET": {
                            "Ref": "EventRoomFilesBucket"
                        },
                        "EVENT_ROOM_KEY": {
                            "Ref": "EventRoomFileKey"
                        }
                    }
                }
            },
            "Metadata": {
                "AWS::CloudFormation::Designer": {
                    "id": "7f23fc05-a34c-4dd5-a0c6-54287d4975ef"
                }
            }
        },
        "TeamChangeRole": {
            "Type": "AWS::IAM::Role",
            "Properties": {
                "AssumeRolePolicyDocument": {
                    "Version": "2012-10-17",
                    "Statement": [
                        {
                            "Effect": "Allow",
                            "Principal": {
                                "Service": "lambda.amazonaws.com"
                            },
                            "Action": "sts:AssumeRole"
                        }
                    ]
                },
                "Path": "/service-role/",
                "Policies": [
                    {
                        "PolicyName": "SendSESEmailandDDBInvoke",
                        "PolicyDocument": {
                            "Version": "2012-10-17",
                            "Statement": [
                                {
                                    "Effect": "Allow",
                                    "Action": [
                                        "logs:CreateLogGroup",
                                        "logs:CreateLogStream",
                                        "logs:PutLogEvents"
                                    ],
                                    "Resource": "arn:aws:logs:*:*:*"
                                },
                                {
                                    "Effect": "Allow",
                                    "Action": [
                                        "dynamodb:BatchGetItem",
                                        "dynamodb:BatchWriteItem",
                                        "dynamodb:PutItem",
                                        "dynamodb:DeleteItem",
                                        "dynamodb:GetItem",
                                        "dynamodb:Scan",
                                        "dynamodb:Query",
                                        "dynamodb:UpdateItem",
                                        "dynamodb:UpdateTable"
                                    ],
                                    "Resource": [
                                        {
                                            "Fn::GetAtt": [
                                                "GameDayParticipants",
                                                "Arn"
                                            ]
                                        },
                                        {
                                            "Fn::GetAtt": [
                                                "GameDayTeams",
                                                "Arn"
                                            ]
                                        }
                                    ]
                                },
                                {
                                    "Effect": "Allow",
                                    "Action": [
                                        "s3:GetObject"
                                    ],
                                    "Resource": {
                                        "Fn::Join": [
                                            "",
                                            [
                                                "arn:aws:s3:::",
                                                {
                                                    "Ref": "EventRoomFilesBucket"
                                                },
                                                "/EventRooms/*"
                                            ]
                                        ]
                                    }
                                },
                                {
                                    "Effect": "Allow",
                                    "Action": [
                                        "s3:ListBucket"
                                    ],
                                    "Resource": {
                                        "Fn::Join": [
                                            "",
                                            [
                                                "arn:aws:s3:::",
                                                {
                                                    "Ref": "EventRoomFilesBucket"
                                                }
                                            ]
                                        ]
                                    }
                                }
                            ]
                        }
                    }
                ]
            },
            "Metadata": {
                "AWS::CloudFormation::Designer": {
                    "id": "79a4db2a-698d-45a3-bfce-9c4618012ead"
                }
            }
        }
    },
    "Outputs": {
        "TeamDatabase": {
            "Value": {
                "Fn::Join": [
                    "",
                    [
                        {
                            "Fn::Join": [
                                "",
                                [
                                    "DynamoDB Teams Table: https://",
                                    {
                                        "Ref": "DefaultRegion"
                                    },
                                    ".console.aws.amazon.com/dynamodbv2/home?region=",
                                    {
                                        "Ref": "DefaultRegion"
                                    },
                                    "#item-explorer?initialTagKey=&table=",
                                    {
                                        "Ref": "GameDayTeams"
                                    }
                                ]
                            ]
                        }
                    ]
                ]
            }
        },
        "GameDayWebsiteCustomerHomePage": {
            "Value": {
                "Fn::Join": [
                    "",
                    [
                        "Game Day Sign-Up Sheet Customer Facing Page: ",
                        {
                            "Fn::GetAtt": [
                                "CloudFrontDistribution",
                                "DomainName"
                            ]
                        },
                        "/registrationForm.html"
                    ]
                ]
            }
        },
        "GameDayWebsiteTeamUpdatePage": {
            "Value": {
                "Fn::Join": [
                    "",
                    [
                        "Game Day Sign-Up Sheet Team Update Internal Page: ",
                        {
                            "Fn::GetAtt": [
                                "CloudFrontDistribution",
                                "DomainName"
                            ]
                        },
                        "/switchTeams.html"
                    ]
                ]
            }
        }
    }
}
