{
  "Parameters" : {
    "APIGatewayEndpointType" : "REGIONAL",
    "DefaultRegion" : "us-east-1",
    "EventRoomFileKey" : "EventRooms/EventRoomLinks.csv",
    "EventRoomFilesBucket" : "aws-game-day-sign-up",
    "LambdaFilesBucket" : "aws-game-day-sign-up",
    "LambdaZipNameDatabase" : "Lambdas/databaseLambda.zip",
    "LambdaZipNameEmail" : "Lambdas/emailLambda.zip",
    "LambdaZipNameTeamChange" : "Lambdas/updateLambda.zip",
    "LambdaZipNameWebsite" : "Lambdas/S3CopyLambda.zip",
    "MainEventRoom" : "https://chime.aws/TexasTimChime",
    "MaxTeamSize" : "4",
    "MaxTeams" : "25",
    "SESVerifiedEmail" : "sitzeti@amazon.com",
    "SourceBucket" : "aws-game-day-sign-up"
  }
}
